Module ID,Module,Priority,Repo,Responsibility,Primary tables,API/interfaces,Events,Dependencies,UI/routes,Acceptance
CORE-01,Identity & Authentication,P0,jetpool-api,"Email/password/OTP/social login, account linking, session management, MFA policy and recovery.",users; oauth_identities; mfa_factors; sessions,/v1/auth/*; /v1/me,identity.user.created; identity.mfa.changed,,/login; /signup; /account/security,"OAuth login, logout, account-linking and AAL2-gated admin actions pass positive/negative tests."
CORE-02,"Profile, Locale & Preferences",P0,jetpool-api,"Canonical profile, names, phone, locale, timezone, accessibility and travel preferences.",user_profiles; user_preferences,GET/PATCH /v1/me/profile; GET/PATCH /v1/me/preferences,profile.updated,CORE-01,/account/profile; /account/preferences,"Profile updates are audited, validated and reflected across customer/host/guide views."
CORE-03,"Roles, Entitlements & Policy",P0,jetpool-api,RBAC plus scoped entitlements for USER/HOST/GUIDE/SUPPLIER/ADMIN/ACCOUNTING/SUPPORT.,user_roles; role_grants; policy_overrides,/v1/me/roles; /v1/admin/users/{id}/roles,role.granted; role.revoked,CORE-01,/admin/access,Server-side authorization denies every unauthorized API regardless of UI visibility.
CORE-04,Consent & Privacy Lifecycle,P0,jetpool-api,"Terms/privacy/marketing consent versioning, retention, export, deletion and restricted processing.",consent_records; privacy_requests; retention_jobs,/v1/consents; /v1/privacy/export; /v1/privacy/delete,consent.recorded; privacy.requested; privacy.completed,CORE-01,/account/privacy,Consent evidence is versioned; deletion/export workflows are reproducible and auditable.
TRUST-01,Identity / Business Verification,P0,jetpool-admin,"User identity, host/guide/supplier business and payout-account verification state.",verification_cases; verification_documents; business_profiles,/v1/verifications/*; /v1/admin/verifications/*,verification.submitted; verification.approved; verification.rejected,CORE-01,/verification; /admin/verifications,Restricted actions remain blocked until required verification predicates are true.
TRUST-02,Reviews & Reputation,P0,jetpool-api,"Transaction-bound reviews, bilateral exchange reviews, guide reviews, host responses, moderation.",reviews; review_responses; reputation_scores,/v1/reviews; /v1/reviews/{id}/report,review.created; review.moderated,CORE-01,/reviews; /account/reviews,Only eligible completed transactions can create one review per review target/policy window.
TRUST-03,"Safety, Reports & Disputes",P0,jetpool-admin,"Safety reports, evidence, disputes, case ownership, escalation, sanctions and audited access.",disputes; dispute_evidence; safety_reports; sanctions,/v1/disputes; /v1/admin/disputes/*,dispute.opened; dispute.resolved; sanction.applied,CORE-03,/support/disputes; /admin/disputes,Cases retain immutable evidence hashes and sensitive message access requires audited elevation.
HOST-01,Host Onboarding,P0,jetpool-api,"Host application, verification checklist, payout profile reference and host status.",host_profiles; host_applications,/v1/host-applications; /v1/hosts/{id},host.applied; host.approved,CORE-01; TRUST-01,/host/onboarding; /host/dashboard,"Host cannot publish paid inventory until role, verification and compliance predicates are satisfied."
STAY-01,Property / Listing Management,P0,jetpool-api,"Property draft, address, geo, occupancy, amenities, house rules, rental/exchange switches and lifecycle.",properties; property_addresses; property_amenities; house_rules,/v1/properties; /v1/properties/{id}/publish,property.created; property.updated; property.published,HOST-01,/host/listings; /stay/{slug},Draft-to-publish flow validates required content and compliance gate before public visibility.
STAY-02,Media Pipeline,P0,jetpool-api,"Presigned uploads, private staging, image/video metadata, transformation/moderation and CDN publication.",media_assets; property_media,/v1/media/upload-url; /v1/media/{id}/complete,media.uploaded; media.ready,CORE-01,/host/listings/{id}/media,MIME/size/ownership validation and private-to-public promotion occur only after successful processing.
STAY-03,Accommodation Compliance Gate,P0,jetpool-admin,"Permit types, jurisdiction rules, guest eligibility, expiry and publish/booking block decisions.",property_permits; compliance_rules; compliance_decisions,/v1/properties/{id}/permits; /v1/compliance/evaluate,compliance.verified; compliance.expired; listing.blocked,STAY-01; TRUST-01,/host/listings/{id}/compliance; /admin/compliance,"Paid booking cannot be enabled when required permit/eligibility checks are missing, expired or rejected."
STAY-04,Stay Search & Discovery,P0,jetpool-api,"Text/geo/facet search projection, ranking, filters, map viewport and date-aware candidate retrieval.",search_sync_state,/v1/search/properties,search.reindex.requested,STAY-01; STAY-06,/stay; /map,Search produces candidates but checkout revalidates authoritative availability in booking DB.
STAY-05,Favorites & Collections,P1,jetpool-api,"Saved properties, guides, trips and shareable collections.",favorites; collections; collection_items,/v1/favorites; /v1/collections,favorite.added,CORE-01,/saved,Idempotent add/remove and privacy controls work across web/mobile PWA sessions.
STAY-06,Availability & Calendar,P0,jetpool-booking,"Authoritative availability rules, host blocks, rate overrides, min stay and calendar projection.",availability_days; inventory_blocks,/v1/properties/{id}/calendar; /v1/properties/{id}/availability,availability.changed,STAY-01,/host/calendar; /stay/{slug}/calendar,Calendar reads and writes preserve no-overlap invariant across paid stay/exchange/host blocks.
STAY-07,Pricing & Quote,P0,jetpool-booking,"Nightly/base price, fees, taxes as rules, promotions, quote expiry and price breakdown.",rate_rules; fee_rules; booking_quotes,POST /v1/booking/quotes,quote.created; quote.expired,STAY-06; FIN-03,/stay/{slug}/checkout,"Quote is deterministic, currency-safe, itemized, time-bounded and immutable after booking confirmation."
STAY-08,Inventory Hold,P0,jetpool-booking,"Transactional hold acquisition, TTL expiry, idempotency and collision protection.",reservation_holds; inventory_blocks; idempotency_keys,POST/DELETE /v1/booking/holds,reservation.held; reservation.hold_expired,STAY-06; STAY-07,checkout internal,Concurrent hold tests prove capacity cannot be exceeded for overlapping dates.
STAY-09,Reservation FSM,P0,jetpool-booking,DRAFT→QUOTED→HELD→PAYMENT_PENDING→CONFIRMED→CHECKED_IN→COMPLETED plus failure/cancel/refund branches.,reservations; reservation_state_history,/v1/reservations; /v1/reservations/{id}/cancel; /check-in; /complete,reservation.confirmed; reservation.cancelled; reservation.completed,STAY-08; PAY-01,/trips/{id}; /host/reservations,"Only enumerated transitions are accepted; all transitions store actor, reason and correlation id."
STAY-10,Cancellation / No-show / Check-in,P0,jetpool-booking,"Cancellation policy evaluation, no-show, check-in/out and refund intent generation.",cancellation_policies; reservation_adjustments,/v1/reservations/{id}/cancel; /v1/reservations/{id}/check-in,reservation.cancellation_requested; reservation.no_show,STAY-09; PAY-02,/trips/{id}/manage,Policy calculation is tested at boundary dates and never mutates historical quote breakdown.
EXCH-01,Exchange Eligibility,P0,jetpool-exchange,"Exchange-enabled property eligibility, household preferences, legal classification and safety prerequisites.",exchange_profiles; exchange_eligibility,/v1/exchange/eligibility,exchange.eligibility.updated,STAY-01; STAY-03; TRUST-01,/exchange/onboarding,No exchange request can enter agreement stage unless both sides satisfy configured legal/safety policy.
EXCH-02,Exchange Request & Counter,P0,jetpool-exchange,"A↔B request, dates, property pair, terms, counter-offer version chain and withdrawal/decline.",exchange_requests; exchange_offers,/v1/exchanges; /v1/exchanges/{id}/counter; /accept,exchange.requested; exchange.countered; exchange.mutual_accepted,EXCH-01,/exchange; /exchange/{id},Both parties see one canonical offer version; stale-version acceptance is rejected.
EXCH-03,Exchange Verification Gate,P0,jetpool-exchange,Mutual-acceptance verification checklist before contract generation.,exchange_verifications,/v1/exchanges/{id}/verify,exchange.verification_pending; exchange.verified,EXCH-02; TRUST-01,/exchange/{id}/verification,Agreement generation is impossible until required identity/property checks are approved.
EXCH-04,Exchange Agreement & E-consent,P0,jetpool-exchange,"Versioned terms snapshot, deposit/damage policy, bilateral acceptance timestamps and evidence.",exchange_agreements; agreement_acceptances,/v1/exchanges/{id}/agreement; /v1/exchanges/{id}/confirm,exchange.agreement.created; exchange.confirmed,EXCH-03,/exchange/{id}/agreement,Both parties accept exactly the same terms_version; acceptance evidence cannot be overwritten.
EXCH-05,Exchange Calendar Lock,P0,jetpool-exchange,Atomic calendar blocks on both properties and rollback if either block fails.,inventory_blocks,internal calendar lock API,exchange.calendar_blocked; exchange.cancelled,EXCH-04; STAY-06,internal,Confirmed exchange blocks both homes without colliding with paid reservations or host blocks.
EXCH-06,Exchange Completion & Review,P0,jetpool-exchange,In-progress/completed/disputed/reviewed lifecycle and bilateral review eligibility.,exchange_state_history,/v1/exchanges/{id}/complete,exchange.completed; exchange.disputed,EXCH-05; TRUST-02; TRUST-03,/exchange/{id}/trip,Completion unlocks reviews; dispute preserves evidence and blocks premature settlement/deposit release.
GUIDE-01,Guide Profile & Type,P0,jetpool-guide,"FRIEND/VOLUNTEER/PAID/PROFESSIONAL classification, bio, languages, areas, specialties, price and verification.",guide_profiles; guide_languages; guide_specialties,/v1/guides/profile; /v1/guides/{id},guide.profile.updated; guide.verified,CORE-01; TRUST-01,/guide/onboarding; /guides/{id},Paid/professional offerings are blocked until required business/qualification gates are satisfied.
GUIDE-02,Guide Availability,P0,jetpool-guide,"Time windows, timezone-aware schedule, blackout and booking locks.",guide_availability; guide_time_blocks,/v1/guides/{id}/availability,guide.availability.changed,GUIDE-01,/guide/calendar,Overlapping confirmed guide bookings cannot exceed capacity and timezone conversions are deterministic.
GUIDE-03,Guide Search & Matching,P0,jetpool-guide,"Location, language, interest, type, price, trust, availability and response-time ranking.",guide_search_projection,/v1/search/guides,guide.search.reindex,GUIDE-01; GUIDE-02,/guide-friends,Result candidates are filtered by eligibility and authoritative availability is rechecked before booking.
GUIDE-04,Guide Request & Offer,P0,jetpool-guide,"Traveler request, guide offer/counter, scope, duration, price or free confirmation.",guide_requests; guide_offers,/v1/guide-requests; /v1/guide-requests/{id}/offers,guide.requested; guide.offer.created; guide.offer.accepted,GUIDE-03,/guide-requests/{id},Offer acceptance uses version checks; free and paid paths are explicit and never conflated.
GUIDE-05,Guide Booking FSM,P0,jetpool-guide,"Confirmed activity, payment dependency for paid types, start/complete/cancel/dispute.",guide_bookings; guide_booking_history,/v1/guide-bookings; /cancel; /complete,guide.booking.confirmed; guide.booking.completed,GUIDE-04; PAY-01,/guide-bookings/{id},Paid booking confirms only after server-verified payment; free booking confirms with no payment object.
TRAVEL-01,Travel Catalog & Supplier,P1,jetpool-api,"Tours/tickets/activities/packages, supplier profile, options, terms and publish workflow.",suppliers; travel_products; travel_product_options,/v1/travel-products; /v1/admin/travel-products,travel.product.published,TRUST-01,/travel; /supplier/products,Published product identifies seller/merchant role and has valid supplier/compliance status.
TRAVEL-02,Departure / Inventory,P1,jetpool-api,"Departure dates, capacity, minimum participants, inventory allocations and cutoff rules.",travel_departures; travel_inventory,/v1/travel-products/{id}/departures,travel.inventory.changed,TRAVEL-01,/travel/{id},Checkout cannot oversell departure capacity and minimum-participant status is explicit.
TRAVEL-03,Itinerary Builder,P1,jetpool-api,"Day/activity itinerary, map points, attachments and customer-facing schedule.",itineraries; itinerary_days; itinerary_activities,/v1/itineraries,itinerary.updated,TRAVEL-01,/travel/{id}/itinerary; /trip-planner,Versioned itinerary edits preserve booked-customer snapshot when required.
TRAVEL-04,Commerce Order / Cart,P1,jetpool-api,"Mixed travel-product order, line items, buyer, seller role, totals and cancellation linkage.",orders; order_items,/v1/orders; /v1/orders/{id},order.created; order.paid; order.cancelled,TRAVEL-02; PAY-01,/checkout; /orders/{id},Server recalculates totals; client amount is never authoritative.
JET-01,Legacy Charter / Flight Share Scope Gate,P1,jetpool-api,Preserve existing JETPOOL charter-sharing brand IA as content/lead/request flow; transactional air-charter booking remains disabled until business/legal scope is approved.,charter_requests; charter_content,/v1/charter/requests; /v1/content/charter,charter.requested,CORE-01; OPS-03,/jetpool-charter,Existing brand/content is migrated; direct booking/payment flag remains OFF until an explicit release ADR and compliance approval.
PAY-01,Payment Orchestrator,P0,jetpool-api,"PG adapter, prepare/confirm, server-side amount check, webhook reconciliation and payment state.",payments; payment_attempts; webhook_events,/v1/payments/toss/prepare; /confirm; /v1/webhooks/toss,payment.approved; payment.failed; payment.reconciled,CORE-01,checkout embedded,Success redirect alone never confirms a transaction; server confirmation and idempotent webhook reconciliation do.
PAY-02,Refund Orchestrator,P0,jetpool-api,"Full/partial refund intents, provider execution, retries, reconciliation and audit.",refunds,/v1/payments/{id}/refunds,payment.refund_requested; payment.refunded,PAY-01,/admin/refunds,Refund amount cannot exceed refundable balance; duplicate provider callbacks are harmless.
FIN-01,Double-entry Ledger,P0,jetpool-admin,"Immutable financial transaction journal for gross, fee, refund, tax adjustment, payable and payout.",ledger_accounts; ledger_transactions; ledger_entries,internal finance API,ledger.posted,PAY-01; PAY-02,/admin/ledger,"Every posted transaction balances debit/credit per currency; corrections are compensating entries, not edits."
FIN-02,Settlement & Payout,P1,jetpool-admin,"Settlement periods, payee statement, approval, payout execution/reconciliation and holds.",settlements; payouts; payout_accounts,/v1/provider/settlements; /v1/admin/settlements/{id}/approve,settlement.ready; payout.sent; payout.reconciled,FIN-01; TRUST-01,/earnings; /admin/settlements,Settlement net derives from ledger; payout account changes require AAL2 and audit.
FIN-03,Fee / Tax / Evidence Rule Engine,P1,jetpool-admin,Configurable fee and tax evidence rules by merchant/supplier type; no unverified hard-coded universal tax rate.,fee_rules; tax_rules; receipt_records,/v1/finance/rules; /v1/receipts,finance.rule.changed,CORE-03,/admin/finance/rules,Rules are effective-dated/versioned and changes do not retroactively mutate historical transactions.
COMMS-01,P2P Messaging,P0,jetpool-api,"Context-bound conversation, message persistence, realtime delivery, attachments, read state and abuse controls.",conversations; conversation_members; messages,/v1/conversations; /v1/conversations/{id}/messages,message.created; message.reported,CORE-01,/messages,RLS/API policy prevents non-members from reading/subscribing; admin access requires case-based audited elevation.
COMMS-02,Notification Orchestration,P0,jetpool-api,"Email/SMS/push/in-app preferences, templates, retries and event-driven delivery.",notifications; notification_preferences; notification_deliveries,/v1/notifications; /v1/notification-preferences,notification.requested; notification.delivered,PLAT-03,/notifications; /account/notifications,Critical booking/payment notices ignore marketing opt-out but honor mandatory-channel policy and delivery audit.
OPS-01,Customer Support / Case Desk,P0,jetpool-admin,Chatwoot-backed support intake linked to user/booking/exchange/dispute context.,support_case_links,/v1/support/cases,support.case.opened,TRUST-03; COMMS-01,/support; /admin/support,Support agent access is scoped and sensitive data is masked unless elevation is granted.
OPS-02,Admin / Backoffice,P0,jetpool-admin,"Operational console for users, listings, compliance, reservations, exchanges, guides, payments, refunds and settlements.",admin_saved_views,/v1/admin/*,admin.action.performed,CORE-03,/admin/*,Every money/permission/compliance mutation is AAL2-gated and append-only audited.
OPS-03,"CMS, Content & SEO",P0,jetpool-admin,"Destination/story/FAQ/promotion/legacy WONT content, redirects, metadata and structured content.",cms_external_refs; seo_redirects,Payload API; /v1/seo/redirects,content.published,,/discover; /stories; /admin/cms,Legacy high-value URLs have 301 mappings and content publication is separated from transaction truth.
OPS-04,Analytics & Audit,P0,jetpool-admin,"GMV, conversion, cancellation, search, compliance, disputes, finance dashboards and immutable audit trail.",audit_logs; analytics_events,/v1/admin/analytics/*; /v1/admin/audit-logs,audit.recorded,PLAT-03,/admin/analytics; /admin/audit,Operational metrics reconcile against source tables; audit logs exclude secrets while retaining actor/resource/effect.
PLAT-01,Search Projection Service,P0,jetpool-api,"Project PostgreSQL entities into Meilisearch; reindex, version, lag monitoring and recovery.",search_projection_offsets,internal /search-sync,search.projection.updated,PLAT-03,internal,Index can be rebuilt from PostgreSQL and never acts as final authority for sellable availability.
PLAT-02,Map / Geo Adapter,P0,jetpool-api,"MapLibre rendering support, geocoding abstraction, viewport search and provider cost controls.",geo_cache,/v1/geo/geocode; /v1/geo/reverse,geo.cache.updated,,map components,Provider is replaceable behind adapter; address precision exposure follows privacy policy.
PLAT-03,Transactional Outbox & Async Jobs,P0,jetpool-api,"Outbox in same transaction, durable queue, retries, dead-letter handling, event correlation and schema version.",outbox_events; job_runs; dead_letters,internal,* domain events,,internal,No domain mutation emits only an in-memory event; retries are idempotent and observable.
PLAT-04,Observability / SRE,P0,jetpool-infra,"OpenTelemetry traces, metrics, logs, synthetic checks, SLOs, alerting and incident runbooks.",none,/health; /ready; /metrics,incident.opened,,/admin/ops,"Dashboards cover p95 latency, error rate, queue lag, payment reconciliation lag and booking collision errors."
PLAT-05,Security / Risk Controls,P0,jetpool-infra,"WAF/rate-limit, bot protection, secret management, SAST/SCA/SBOM, DAST, upload scanning and risk flags.",risk_events; security_incidents,internal risk API,risk.detected; security.incident,CORE-01,/admin/security,"Release blocks on critical vulnerabilities, leaked secrets, failed permission-negative tests or missing SBOM."
PLAT-06,Configuration & Feature Flags,P0,jetpool-api,"Environment-safe feature flags, business rules, percentage rollout and kill switches.",feature_flags; config_versions,/v1/admin/feature-flags,config.changed,CORE-03,/admin/config,Critical features such as paid charter flow can remain OFF independently of deployment.
MIG-01,Legacy WONT/Sixshop Migration,P0,jetpool-infra,"Inventory existing URLs/content/member/order assets, official export, ID mapping, media import, consent audit, 301s and cutover reconciliation.",migration_id_map; migration_audit; seo_redirects,migration CLI,migration.batch.completed,OPS-03; CORE-01,internal migration dashboard,"Dry-run reconciliation proves row counts, amounts, media references and URL mappings before cutover."
AI-01,AI Travel Assistant,P1,jetpool-api,"Intent parsing, trip planning, explainable suggestions using live search/availability; never autonomously commits paid transactions.",ai_sessions; ai_recommendations,/v1/ai/travel-assistant,ai.recommendation.created,STAY-04; GUIDE-03; TRAVEL-01,/assistant,AI suggestions cite live availability snapshot and require explicit user confirmation before hold/payment.
AI-02,Recommendation & Personalization,P1,jetpool-api,"Behavioral/explicit preference ranking with cold-start rules, opt-out and non-authoritative recommendations.",recommendation_features; recommendation_impressions,/v1/recommendations,recommendation.impression,CORE-02; OPS-04,home/discovery rails,Opt-out removes behavioral personalization; ranking never bypasses legal/compliance/availability filters.
INT-01,PMS / Supplier Integrations,P2,jetpool-api,"External PMS/channel/supplier adapter framework, polling/webhooks, mapping and conflict handling.",integration_accounts; integration_mappings; integration_events,/v1/integrations/*,integration.sync.completed,STAY-06; PLAT-03,/host/integrations,External state is reconciled into Jetpool authority rules with clear conflict policy and audit.
